Judul,Harga,Stok,Gambar
A Light in the Attic,£51.77,In stock (22 available),http://books.toscrape.com/media/cache/fe/72/fe72f0532301ec28892ae79a629a293c.jpg
Tipping the Velvet,£53.74,In stock (20 available),http://books.toscrape.com/media/cache/08/e9/08e94f3731d7d6b760dfbfbc02ca5c62.jpg
Soumission,£50.10,In stock (20 available),http://books.toscrape.com/media/cache/ee/cf/eecfe998905e455df12064dba399c075.jpg
Sharp Objects,£47.82,In stock (20 available),http://books.toscrape.com/media/cache/c0/59/c05972805aa7201171b8fc71a5b00292.jpg
Sapiens: A Brief History of Humankind,£54.23,In stock (20 available),http://books.toscrape.com/media/cache/ce/5f/ce5f052c65cc963cf4422be096e915c9.jpg
The Requiem Red,£22.65,In stock (19 available),http://books.toscrape.com/media/cache/6b/07/6b07b77236b7c80f42bd90bf325e69f6.jpg
The Dirty Little Secrets of Getting Your Dream Job,£33.34,In stock (19 available),http://books.toscrape.com/media/cache/e1/1b/e11bea016d0ae1d7e2dd46fb3cb870b7.jpg
"The Coming Woman: A Novel Based on the Life of the Infamous Feminist, Victoria Woodhull",£17.93,In stock (19 available),http://books.toscrape.com/media/cache/97/36/9736132a43b8e6e3989932218ef309ed.jpg
The Boys in the Boat: Nine Americans and Their Epic Quest for Gold at the 1936 Berlin Olympics,£22.60,In stock (19 available),http://books.toscrape.com/media/cache/d1/2d/d12d26739b5369a6b5b3024e4d08f907.jpg
The Black Maria,£52.15,In stock (19 available),http://books.toscrape.com/media/cache/d1/7a/d17a3e313e52e1be5651719e4fba1d16.jpg
"Starving Hearts (Triangular Trade Trilogy, #1)",£13.99,In stock (19 available),http://books.toscrape.com/media/cache/a0/7e/a07ed8f1c23f7b4baf7102722680bd30.jpg
Shakespeare's Sonnets,£20.66,In stock (19 available),http://books.toscrape.com/media/cache/4d/7a/4d7a79a8be80a529b277ed5c4d8ba482.jpg
Set Me Free,£17.46,In stock (19 available),http://books.toscrape.com/media/cache/b8/e9/b8e91bd2fc74c3954118999238abb4b8.jpg
Scott Pilgrim's Precious Little Life (Scott Pilgrim #1),£52.29,In stock (19 available),http://books.toscrape.com/media/cache/97/27/97275841c81e66d53bf9313cba06f23e.jpg
Rip it Up and Start Again,£35.02,In stock (19 available),http://books.toscrape.com/media/cache/81/7f/817f5089c0e6e62738dce2931e7323d3.jpg
"Our Band Could Be Your Life: Scenes from the American Indie Underground, 1981-1991",£57.25,In stock (19 available),http://books.toscrape.com/media/cache/ad/96/ad96e9c9f1664cbcb0e9627b007fb6f9.jpg
Olio,£23.88,In stock (19 available),http://books.toscrape.com/media/cache/b1/0e/b10eabab1e1c811a6d47969904fd5755.jpg
Mesaerion: The Best Science Fiction Stories 1800-1849,£37.59,In stock (19 available),http://books.toscrape.com/media/cache/e8/1f/e81f850db9b9622c65619c9f15748de7.jpg
Libertarianism for Beginners,£51.33,In stock (19 available),http://books.toscrape.com/media/cache/91/a4/91a46253e165d144ef5938f2d456b88f.jpg
It's Only the Himalayas,£45.17,In stock (19 available),http://books.toscrape.com/media/cache/6d/41/6d418a73cc7d4ecfd75ca11d854041db.jpg
